 ,OTT Name,Study ID,url
No.1,Apteryx australis,ot_2019,https://tree.opentreeoflife.org/curator/study/view/ot_2019
No.2,Apteryx australis,ot_2018,https://tree.opentreeoflife.org/curator/study/view/ot_2018
No.3,Apteryx australis,pg_2800,https://tree.opentreeoflife.org/curator/study/view/pg_2800
No.4,Apteryx australis,ot_809,https://tree.opentreeoflife.org/curator/study/view/ot_809
No.5,Apteryx australis,ot_427,https://tree.opentreeoflife.org/curator/study/view/ot_427
No.6,Apteryx australis,pg_2580,https://tree.opentreeoflife.org/curator/study/view/pg_2580
No.7,Apteryx australis,ot_500,https://tree.opentreeoflife.org/curator/study/view/ot_500
No.8,Apteryx australis,ot_1044,https://tree.opentreeoflife.org/curator/study/view/ot_1044
No.9,Apteryx australis,ot_1055,https://tree.opentreeoflife.org/curator/study/view/ot_1055
No.10,Apteryx australis,ot_999,https://tree.opentreeoflife.org/curator/study/view/ot_999
No.11,Apteryx australis,ot_798,https://tree.opentreeoflife.org/curator/study/view/ot_798
No.12,Apteryx australis,pg_2926,https://tree.opentreeoflife.org/curator/study/view/pg_2926
No.13,Apteryx australis,ot_409,https://tree.opentreeoflife.org/curator/study/view/ot_409
No.14,Apteryx australis,ot_2083,https://tree.opentreeoflife.org/curator/study/view/ot_2083
No.15,Apteryx australis,ot_521,https://tree.opentreeoflife.org/curator/study/view/ot_521
No.16,Apteryx australis,ot_784,https://tree.opentreeoflife.org/curator/study/view/ot_784
No.17,Apteryx australis,ot_2072,https://tree.opentreeoflife.org/curator/study/view/ot_2072
No.18,Apteryx australis,pg_2876,https://tree.opentreeoflife.org/curator/study/view/pg_2876
No.19,Apteryx australis,ot_429,https://tree.opentreeoflife.org/curator/study/view/ot_429
No.20,Apteryx australis,pg_438,https://tree.opentreeoflife.org/curator/study/view/pg_438
No.21,Apteryx australis,ot_531,https://tree.opentreeoflife.org/curator/study/view/ot_531
No.22,Apteryx australis australis,ot_809,https://tree.opentreeoflife.org/curator/study/view/ot_809
No.23,Apteryx mantelli,Search Manually for Tree,https://tree.opentreeoflife.org/curator/study/view/Search Manually for Tree
No.24,Apteryx australis mantelli,ot_500,https://tree.opentreeoflife.org/curator/study/view/ot_500
No.25,Apteryx australis mantelli,ot_2018,https://tree.opentreeoflife.org/curator/study/view/ot_2018
No.26,Apteryx australis mantelli,ot_809,https://tree.opentreeoflife.org/curator/study/view/ot_809
No.27,Apteryx australis mantelli,ot_409,https://tree.opentreeoflife.org/curator/study/view/ot_409
No.28,Apteryx australis mantelli,ot_1044,https://tree.opentreeoflife.org/curator/study/view/ot_1044
No.29,Apteryx australis mantelli,ot_2019,https://tree.opentreeoflife.org/curator/study/view/ot_2019
No.30,Apteryx australis mantelli,pg_2926,https://tree.opentreeoflife.org/curator/study/view/pg_2926
No.31,Apteryx australis mantelli,ot_2083,https://tree.opentreeoflife.org/curator/study/view/ot_2083
No.32,Spatula cyanoptera,Search Manually for Tree,https://tree.opentreeoflife.org/curator/study/view/Search Manually for Tree
No.33,Anas cyanoptera cyanoptera,pg_2860,https://tree.opentreeoflife.org/curator/study/view/pg_2860
No.34,Anas cyanoptera cyanoptera,pg_2866,https://tree.opentreeoflife.org/curator/study/view/pg_2866
No.35,Anas andium,Search Manually for Tree,https://tree.opentreeoflife.org/curator/study/view/Search Manually for Tree
No.36,Anas flavirostris andium,ot_2019,https://tree.opentreeoflife.org/curator/study/view/ot_2019
No.37,Anas flavirostris andium,ot_409,https://tree.opentreeoflife.org/curator/study/view/ot_409
No.38,Anas flavirostris,ot_2019,https://tree.opentreeoflife.org/curator/study/view/ot_2019
No.39,Anas flavirostris,pg_2860,https://tree.opentreeoflife.org/curator/study/view/pg_2860
No.40,Anas flavirostris,ot_429,https://tree.opentreeoflife.org/curator/study/view/ot_429
No.41,Anas flavirostris,pg_438,https://tree.opentreeoflife.org/curator/study/view/pg_438
No.42,Anas flavirostris,ot_409,https://tree.opentreeoflife.org/curator/study/view/ot_409
No.43,Anas flavirostris,ot_521,https://tree.opentreeoflife.org/curator/study/view/ot_521
No.44,Anas flavirostris,ot_809,https://tree.opentreeoflife.org/curator/study/view/ot_809
No.45,Anas flavirostris,pg_2583,https://tree.opentreeoflife.org/curator/study/view/pg_2583
No.46,Anas flavirostris,pg_2866,https://tree.opentreeoflife.org/curator/study/view/pg_2866
No.47,Anas flavirostris flavirostris,pg_2866,https://tree.opentreeoflife.org/curator/study/view/pg_2866
No.48,Bambusicola thoracicus,ot_116,https://tree.opentreeoflife.org/curator/study/view/ot_116
No.49,Bambusicola thoracicus,ot_791,https://tree.opentreeoflife.org/curator/study/view/ot_791
No.50,Bambusicola thoracicus,ot_409,https://tree.opentreeoflife.org/curator/study/view/ot_409
No.51,Bambusicola thoracicus,ot_2019,https://tree.opentreeoflife.org/curator/study/view/ot_2019
No.52,Bambusicola thoracicus,ot_521,https://tree.opentreeoflife.org/curator/study/view/ot_521
No.53,Bambusicola thoracicus,ot_2018,https://tree.opentreeoflife.org/curator/study/view/ot_2018
No.54,Bambusicola thoracicus,ot_809,https://tree.opentreeoflife.org/curator/study/view/ot_809
No.55,Bambusicola thoracicus,pg_2802,https://tree.opentreeoflife.org/curator/study/view/pg_2802
No.56,Bambusicola thoracicus,pg_2583,https://tree.opentreeoflife.org/curator/study/view/pg_2583
No.57,Bambusicola thoracicus,ot_753,https://tree.opentreeoflife.org/curator/study/view/ot_753
No.58,Bambusicola thoracicus,pg_2577,https://tree.opentreeoflife.org/curator/study/view/pg_2577
No.59,Bambusicola thoracicus,ot_2072,https://tree.opentreeoflife.org/curator/study/view/ot_2072
No.60,Bambusicola thoracicus,pg_2804,https://tree.opentreeoflife.org/curator/study/view/pg_2804
No.61,Bambusicola thoracicus,ot_1002,https://tree.opentreeoflife.org/curator/study/view/ot_1002
No.62,Bambusicola thoracicus,ot_425,https://tree.opentreeoflife.org/curator/study/view/ot_425
No.63,Bambusicola thoracicus,ot_429,https://tree.opentreeoflife.org/curator/study/view/ot_429
No.64,Bambusicola thoracicus thoracicus,Search Manually for Tree,https://tree.opentreeoflife.org/curator/study/view/Search Manually for Tree
No.65,Bambusicola sonorivox,Search Manually for Tree,https://tree.opentreeoflife.org/curator/study/view/Search Manually for Tree
No.66,Bambusicola thoracicus sonorivox,ot_2019,https://tree.opentreeoflife.org/curator/study/view/ot_2019
No.67,Pternistis castaneicollis,Search Manually for Tree,https://tree.opentreeoflife.org/curator/study/view/Search Manually for Tree
No.68,Francolinus castaneicollis castaneicollis,Search Manually for Tree,https://tree.opentreeoflife.org/curator/study/view/Search Manually for Tree
No.69,Pternistis atrifrons,Search Manually for Tree,https://tree.opentreeoflife.org/curator/study/view/Search Manually for Tree
No.70,Francolinus castaneicollis atrifrons,ot_2019,https://tree.opentreeoflife.org/curator/study/view/ot_2019
No.71,Chaetura andrei,ot_2019,https://tree.opentreeoflife.org/curator/study/view/ot_2019
No.72,Chaetura andrei,ot_521,https://tree.opentreeoflife.org/curator/study/view/ot_521
No.73,Chaetura andrei,ot_409,https://tree.opentreeoflife.org/curator/study/view/ot_409
No.74,Chaetura meridionalis,Search Manually for Tree,https://tree.opentreeoflife.org/curator/study/view/Search Manually for Tree
No.75,Chaetura andrei meridionalis,ot_2019,https://tree.opentreeoflife.org/curator/study/view/ot_2019
No.76,Chaetura andrei meridionalis,ot_409,https://tree.opentreeoflife.org/curator/study/view/ot_409
No.77,Phaethornis longirostris,ot_2019,https://tree.opentreeoflife.org/curator/study/view/ot_2019
No.78,Phaethornis longirostris,ot_429,https://tree.opentreeoflife.org/curator/study/view/ot_429
No.79,Phaethornis longirostris,pg_2658,https://tree.opentreeoflife.org/curator/study/view/pg_2658
No.80,Phaethornis longirostris,ot_409,https://tree.opentreeoflife.org/curator/study/view/ot_409
No.81,Phaethornis longirostris,ot_521,https://tree.opentreeoflife.org/curator/study/view/ot_521
No.82,Phaethornis longirostris,ot_809,https://tree.opentreeoflife.org/curator/study/view/ot_809
No.83,Phaethornis longirostris,pg_2853,https://tree.opentreeoflife.org/curator/study/view/pg_2853
No.84,Phaethornis longirostris,ot_427,https://tree.opentreeoflife.org/curator/study/view/ot_427
No.85,Phaethornis longirostris,pg_2865,https://tree.opentreeoflife.org/curator/study/view/pg_2865
No.86,Phaethornis longirostris longirostris,Search Manually for Tree,https://tree.opentreeoflife.org/curator/study/view/Search Manually for Tree
No.87,Phaethornis mexicanus,Search Manually for Tree,https://tree.opentreeoflife.org/curator/study/view/Search Manually for Tree
No.88,Phaethornis longirostris mexicanus,ot_2019,https://tree.opentreeoflife.org/curator/study/view/ot_2019
No.89,Phaethornis longirostris mexicanus,pg_2853,https://tree.opentreeoflife.org/curator/study/view/pg_2853
No.90,Phaethornis longirostris mexicanus,pg_2865,https://tree.opentreeoflife.org/curator/study/view/pg_2865
No.91,Gallinula nesiotis,ot_2019,https://tree.opentreeoflife.org/curator/study/view/ot_2019
No.92,Gallinula nesiotis,ot_429,https://tree.opentreeoflife.org/curator/study/view/ot_429
No.93,Gallinula nesiotis,pg_438,https://tree.opentreeoflife.org/curator/study/view/pg_438
No.94,Gallinula nesiotis,ot_2097,https://tree.opentreeoflife.org/curator/study/view/ot_2097
No.95,Gallinula nesiotis,ot_409,https://tree.opentreeoflife.org/curator/study/view/ot_409
No.96,Gallinula nesiotis,ot_865,https://tree.opentreeoflife.org/curator/study/view/ot_865
No.97,Gallinula nesiotis,ot_809,https://tree.opentreeoflife.org/curator/study/view/ot_809
No.98,Gallinula nesiotis,ot_427,https://tree.opentreeoflife.org/curator/study/view/ot_427
No.99,Gallinula nesiotis nesiotis,Search Manually for Tree,https://tree.opentreeoflife.org/curator/study/view/Search Manually for Tree
No.100,Gallinula comeri,Search Manually for Tree,https://tree.opentreeoflife.org/curator/study/view/Search Manually for Tree
No.101,Gallinula nesiotis comeri,ot_2019,https://tree.opentreeoflife.org/curator/study/view/ot_2019
No.102,Himantopus himantopus,ot_2008,https://tree.opentreeoflife.org/curator/study/view/ot_2008
No.103,Himantopus himantopus,pg_2419,https://tree.opentreeoflife.org/curator/study/view/pg_2419
No.104,Himantopus himantopus,ot_2019,https://tree.opentreeoflife.org/curator/study/view/ot_2019
No.105,Himantopus himantopus,ot_2141,https://tree.opentreeoflife.org/curator/study/view/ot_2141
No.106,Himantopus himantopus,ot_429,https://tree.opentreeoflife.org/curator/study/view/ot_429
No.107,Himantopus himantopus,ot_409,https://tree.opentreeoflife.org/curator/study/view/ot_409
No.108,Himantopus himantopus,ot_521,https://tree.opentreeoflife.org/curator/study/view/ot_521
No.109,Himantopus himantopus,ot_809,https://tree.opentreeoflife.org/curator/study/view/ot_809
No.110,Himantopus himantopus,ot_427,https://tree.opentreeoflife.org/curator/study/view/ot_427
No.111,Himantopus himantopus himantopus,Search Manually for Tree,https://tree.opentreeoflife.org/curator/study/view/Search Manually for Tree
No.112,Himantopus leucocephalus,Search Manually for Tree,https://tree.opentreeoflife.org/curator/study/view/Search Manually for Tree
No.113,Himantopus himantopus leucocephalus,ot_2019,https://tree.opentreeoflife.org/curator/study/view/ot_2019
No.114,Himantopus himantopus leucocephalus,ot_2141,https://tree.opentreeoflife.org/curator/study/view/ot_2141
No.115,Himantopus himantopus leucocephalus,ot_809,https://tree.opentreeoflife.org/curator/study/view/ot_809
No.116,Himantopus himantopus leucocephalus,ot_409,https://tree.opentreeoflife.org/curator/study/view/ot_409
No.117,Haematopus chathamensis,Search Manually for Tree,https://tree.opentreeoflife.org/curator/study/view/Search Manually for Tree
No.118,Haematopus unicolor chathamensis,ot_2019,https://tree.opentreeoflife.org/curator/study/view/ot_2019
No.119,Haematopus unicolor chathamensis,ot_2141,https://tree.opentreeoflife.org/curator/study/view/ot_2141
No.120,Haematopus unicolor chathamensis,ot_809,https://tree.opentreeoflife.org/curator/study/view/ot_809
No.121,Haematopus unicolor chathamensis,ot_409,https://tree.opentreeoflife.org/curator/study/view/ot_409
No.122,Haematopus unicolor,ot_2019,https://tree.opentreeoflife.org/curator/study/view/ot_2019
No.123,Haematopus unicolor,ot_2141,https://tree.opentreeoflife.org/curator/study/view/ot_2141
No.124,Haematopus unicolor,ot_429,https://tree.opentreeoflife.org/curator/study/view/ot_429
No.125,Haematopus unicolor,pg_438,https://tree.opentreeoflife.org/curator/study/view/pg_438
No.126,Haematopus unicolor,ot_409,https://tree.opentreeoflife.org/curator/study/view/ot_409
No.127,Haematopus unicolor,ot_521,https://tree.opentreeoflife.org/curator/study/view/ot_521
No.128,Haematopus unicolor,ot_809,https://tree.opentreeoflife.org/curator/study/view/ot_809
No.129,Haematopus unicolor,ot_427,https://tree.opentreeoflife.org/curator/study/view/ot_427
No.130,Haematopus unicolor unicolor,Search Manually for Tree,https://tree.opentreeoflife.org/curator/study/view/Search Manually for Tree
No.131,Rostratula benghalensis,ot_1055,https://tree.opentreeoflife.org/curator/study/view/ot_1055
No.132,Rostratula benghalensis,ot_2018,https://tree.opentreeoflife.org/curator/study/view/ot_2018
No.133,Rostratula benghalensis,ot_2141,https://tree.opentreeoflife.org/curator/study/view/ot_2141
No.134,Rostratula benghalensis,ot_429,https://tree.opentreeoflife.org/curator/study/view/ot_429
No.135,Rostratula benghalensis,ot_500,https://tree.opentreeoflife.org/curator/study/view/ot_500
No.136,Rostratula benghalensis,pg_438,https://tree.opentreeoflife.org/curator/study/view/pg_438
No.137,Rostratula benghalensis,ot_531,https://tree.opentreeoflife.org/curator/study/view/ot_531
No.138,Rostratula benghalensis,ot_136,https://tree.opentreeoflife.org/curator/study/view/ot_136
No.139,Rostratula benghalensis,ot_409,https://tree.opentreeoflife.org/curator/study/view/ot_409
No.140,Rostratula benghalensis,ot_816,https://tree.opentreeoflife.org/curator/study/view/ot_816
No.141,Rostratula benghalensis,ot_2019,https://tree.opentreeoflife.org/curator/study/view/ot_2019
No.142,Rostratula benghalensis,ot_521,https://tree.opentreeoflife.org/curator/study/view/ot_521
No.143,Rostratula benghalensis,ot_809,https://tree.opentreeoflife.org/curator/study/view/ot_809
No.144,Rostratula benghalensis,ot_427,https://tree.opentreeoflife.org/curator/study/view/ot_427
No.145,Rostratula benghalensis,ot_784,https://tree.opentreeoflife.org/curator/study/view/ot_784
No.146,Rostratula benghalensis benghalensis,Search Manually for Tree,https://tree.opentreeoflife.org/curator/study/view/Search Manually for Tree
No.147,Rostratula australis,Search Manually for Tree,https://tree.opentreeoflife.org/curator/study/view/Search Manually for Tree
No.148,Rostratula benghalensis australis,ot_2019,https://tree.opentreeoflife.org/curator/study/view/ot_2019
No.149,Rostratula benghalensis australis,ot_2141,https://tree.opentreeoflife.org/curator/study/view/ot_2141
No.150,Rostratula benghalensis australis,ot_429,https://tree.opentreeoflife.org/curator/study/view/ot_429
No.151,Rostratula benghalensis australis,ot_809,https://tree.opentreeoflife.org/curator/study/view/ot_809
No.152,Rostratula benghalensis australis,ot_409,https://tree.opentreeoflife.org/curator/study/view/ot_409
No.153,Coenocorypha huegeli,Search Manually for Tree,https://tree.opentreeoflife.org/curator/study/view/Search Manually for Tree
No.154,Coenocorypha aucklandica huegeli,ot_2019,https://tree.opentreeoflife.org/curator/study/view/ot_2019
No.155,Coenocorypha aucklandica huegeli,ot_2141,https://tree.opentreeoflife.org/curator/study/view/ot_2141
No.156,Coenocorypha aucklandica,ot_2019,https://tree.opentreeoflife.org/curator/study/view/ot_2019
No.157,Coenocorypha aucklandica,ot_2141,https://tree.opentreeoflife.org/curator/study/view/ot_2141
No.158,Coenocorypha aucklandica,ot_429,https://tree.opentreeoflife.org/curator/study/view/ot_429
No.159,Coenocorypha aucklandica,pg_438,https://tree.opentreeoflife.org/curator/study/view/pg_438
No.160,Coenocorypha aucklandica,ot_409,https://tree.opentreeoflife.org/curator/study/view/ot_409
No.161,Coenocorypha aucklandica,ot_816,https://tree.opentreeoflife.org/curator/study/view/ot_816
No.162,Coenocorypha aucklandica,ot_521,https://tree.opentreeoflife.org/curator/study/view/ot_521
No.163,Coenocorypha aucklandica,ot_809,https://tree.opentreeoflife.org/curator/study/view/ot_809
No.164,Thalasseus maximus,ot_2019,https://tree.opentreeoflife.org/curator/study/view/ot_2019
No.165,Thalasseus maximus,ot_1997,https://tree.opentreeoflife.org/curator/study/view/ot_1997
No.166,Thalasseus maximus,ot_2141,https://tree.opentreeoflife.org/curator/study/view/ot_2141
No.167,Thalasseus maximus,ot_429,https://tree.opentreeoflife.org/curator/study/view/ot_429
No.168,Thalasseus maximus,pg_438,https://tree.opentreeoflife.org/curator/study/view/pg_438
No.169,Thalasseus maximus,ot_409,https://tree.opentreeoflife.org/curator/study/view/ot_409
No.170,Thalasseus maximus,ot_521,https://tree.opentreeoflife.org/curator/study/view/ot_521
No.171,Thalasseus maximus,ot_809,https://tree.opentreeoflife.org/curator/study/view/ot_809
No.172,Thalasseus albididorsalis,Search Manually for Tree,https://tree.opentreeoflife.org/curator/study/view/Search Manually for Tree
No.173,Thalasseus maximus albididorsalis,ot_2019,https://tree.opentreeoflife.org/curator/study/view/ot_2019
No.174,Thalasseus maximus albididorsalis,ot_2141,https://tree.opentreeoflife.org/curator/study/view/ot_2141
No.175,Pterodroma macroptera,ot_2019,https://tree.opentreeoflife.org/curator/study/view/ot_2019
No.176,Pterodroma macroptera,ot_429,https://tree.opentreeoflife.org/curator/study/view/ot_429
No.177,Pterodroma macroptera,ot_409,https://tree.opentreeoflife.org/curator/study/view/ot_409
No.178,Pterodroma macroptera,ot_521,https://tree.opentreeoflife.org/curator/study/view/ot_521
No.179,Pterodroma macroptera,pg_2528,https://tree.opentreeoflife.org/curator/study/view/pg_2528
No.180,Pterodroma macroptera,ot_809,https://tree.opentreeoflife.org/curator/study/view/ot_809
No.181,Pterodroma macroptera,ot_820,https://tree.opentreeoflife.org/curator/study/view/ot_820
No.182,Pterodroma macroptera,pg_2416,https://tree.opentreeoflife.org/curator/study/view/pg_2416
No.183,Pterodroma macroptera macroptera,Search Manually for Tree,https://tree.opentreeoflife.org/curator/study/view/Search Manually for Tree
No.184,Pterodroma gouldi,Search Manually for Tree,https://tree.opentreeoflife.org/curator/study/view/Search Manually for Tree
No.185,Pterodroma macroptera gouldi,ot_2019,https://tree.opentreeoflife.org/curator/study/view/ot_2019
No.186,Buteo oreophilus,ot_2019,https://tree.opentreeoflife.org/curator/study/view/ot_2019
No.187,Buteo oreophilus,ot_116,https://tree.opentreeoflife.org/curator/study/view/ot_116
No.188,Buteo oreophilus,pg_1887,https://tree.opentreeoflife.org/curator/study/view/pg_1887
No.189,Buteo oreophilus,ot_2186,https://tree.opentreeoflife.org/curator/study/view/ot_2186
No.190,Buteo oreophilus,ot_409,https://tree.opentreeoflife.org/curator/study/view/ot_409
No.191,Buteo oreophilus,ot_521,https://tree.opentreeoflife.org/curator/study/view/ot_521
No.192,Buteo oreophilus,ot_809,https://tree.opentreeoflife.org/curator/study/view/ot_809
No.193,Buteo trizonatus,Search Manually for Tree,https://tree.opentreeoflife.org/curator/study/view/Search Manually for Tree
No.194,Buteo oreophilus trizonatus,ot_2019,https://tree.opentreeoflife.org/curator/study/view/ot_2019
No.195,Otus pamelae,Search Manually for Tree,https://tree.opentreeoflife.org/curator/study/view/Search Manually for Tree
No.196,Otus senegalensis pamelae,ot_2019,https://tree.opentreeoflife.org/curator/study/view/ot_2019
No.197,Otus scops,ot_2008,https://tree.opentreeoflife.org/curator/study/view/ot_2008
No.198,Otus scops,pg_2419,https://tree.opentreeoflife.org/curator/study/view/pg_2419
No.199,Otus scops,ot_2019,https://tree.opentreeoflife.org/curator/study/view/ot_2019
No.200,Otus scops,ot_821,https://tree.opentreeoflife.org/curator/study/view/ot_821
No.201,Otus scops,ot_116,https://tree.opentreeoflife.org/curator/study/view/ot_116
No.202,Otus scops,ot_429,https://tree.opentreeoflife.org/curator/study/view/ot_429
No.203,Otus scops,ot_867,https://tree.opentreeoflife.org/curator/study/view/ot_867
No.204,Otus scops,ot_409,https://tree.opentreeoflife.org/curator/study/view/ot_409
No.205,Otus scops,ot_521,https://tree.opentreeoflife.org/curator/study/view/ot_521
No.206,Otus scops,ot_809,https://tree.opentreeoflife.org/curator/study/view/ot_809
No.207,Otus scops,ot_427,https://tree.opentreeoflife.org/curator/study/view/ot_427
No.208,Otus scops,pg_2913,https://tree.opentreeoflife.org/curator/study/view/pg_2913
No.209,Otus scops,ot_773,https://tree.opentreeoflife.org/curator/study/view/ot_773
No.210,Otus cyprius,Search Manually for Tree,https://tree.opentreeoflife.org/curator/study/view/Search Manually for Tree
No.211,Otus scops cyprius,ot_2019,https://tree.opentreeoflife.org/curator/study/view/ot_2019
No.212,Otus senegalensis,ot_2019,https://tree.opentreeoflife.org/curator/study/view/ot_2019
No.213,Otus senegalensis,ot_821,https://tree.opentreeoflife.org/curator/study/view/ot_821
No.214,Otus senegalensis,ot_116,https://tree.opentreeoflife.org/curator/study/view/ot_116
No.215,Otus senegalensis,ot_429,https://tree.opentreeoflife.org/curator/study/view/ot_429
No.216,Otus senegalensis,ot_867,https://tree.opentreeoflife.org/curator/study/view/ot_867
No.217,Otus senegalensis,ot_409,https://tree.opentreeoflife.org/curator/study/view/ot_409
No.218,Otus senegalensis,ot_521,https://tree.opentreeoflife.org/curator/study/view/ot_521
No.219,Otus senegalensis,ot_809,https://tree.opentreeoflife.org/curator/study/view/ot_809
No.220,Otus senegalensis,ot_427,https://tree.opentreeoflife.org/curator/study/view/ot_427
No.221,Otus senegalensis senegalensis,Search Manually for Tree,https://tree.opentreeoflife.org/curator/study/view/Search Manually for Tree
No.222,Strix aluco,ot_2008,https://tree.opentreeoflife.org/curator/study/view/ot_2008
No.223,Strix aluco,pg_2419,https://tree.opentreeoflife.org/curator/study/view/pg_2419
No.224,Strix aluco,ot_2019,https://tree.opentreeoflife.org/curator/study/view/ot_2019
No.225,Strix aluco,ot_2085,https://tree.opentreeoflife.org/curator/study/view/ot_2085
No.226,Strix aluco,ot_821,https://tree.opentreeoflife.org/curator/study/view/ot_821
No.227,Strix aluco,ot_116,https://tree.opentreeoflife.org/curator/study/view/ot_116
No.228,Strix aluco,pg_438,https://tree.opentreeoflife.org/curator/study/view/pg_438
No.229,Strix aluco,ot_867,https://tree.opentreeoflife.org/curator/study/view/ot_867
No.230,Strix aluco,ot_1251,https://tree.opentreeoflife.org/curator/study/view/ot_1251
No.231,Strix aluco,ot_409,https://tree.opentreeoflife.org/curator/study/view/ot_409
No.232,Strix aluco,ot_521,https://tree.opentreeoflife.org/curator/study/view/ot_521
No.233,Strix aluco,ot_809,https://tree.opentreeoflife.org/curator/study/view/ot_809
No.234,Strix aluco,ot_773,https://tree.opentreeoflife.org/curator/study/view/ot_773
No.235,Strix mauritanica,Search Manually for Tree,https://tree.opentreeoflife.org/curator/study/view/Search Manually for Tree
No.236,Strix aluco mauritanica,ot_2019,https://tree.opentreeoflife.org/curator/study/view/ot_2019
No.237,Strix varia,ot_429,https://tree.opentreeoflife.org/curator/study/view/ot_429
No.238,Strix varia,ot_500,https://tree.opentreeoflife.org/curator/study/view/ot_500
No.239,Strix varia,pg_438,https://tree.opentreeoflife.org/curator/study/view/pg_438
No.240,Strix varia,ot_409,https://tree.opentreeoflife.org/curator/study/view/ot_409
No.241,Strix varia,ot_2019,https://tree.opentreeoflife.org/curator/study/view/ot_2019
No.242,Strix varia,ot_521,https://tree.opentreeoflife.org/curator/study/view/ot_521
No.243,Strix varia,ot_2018,https://tree.opentreeoflife.org/curator/study/view/ot_2018
No.244,Strix varia,ot_809,https://tree.opentreeoflife.org/curator/study/view/ot_809
No.245,Strix varia,ot_427,https://tree.opentreeoflife.org/curator/study/view/ot_427
No.246,Strix varia,ot_2085,https://tree.opentreeoflife.org/curator/study/view/ot_2085
No.247,Strix varia,ot_821,https://tree.opentreeoflife.org/curator/study/view/ot_821
No.248,Strix varia,ot_116,https://tree.opentreeoflife.org/curator/study/view/ot_116
No.249,Strix sartorii,Search Manually for Tree,https://tree.opentreeoflife.org/curator/study/view/Search Manually for Tree
No.250,Strix varia sartorii,ot_2019,https://tree.opentreeoflife.org/curator/study/view/ot_2019
No.251,Ninox boobook,ot_2019,https://tree.opentreeoflife.org/curator/study/view/ot_2019
No.252,Ninox boobook,ot_2085,https://tree.opentreeoflife.org/curator/study/view/ot_2085
No.253,Ninox boobook,ot_116,https://tree.opentreeoflife.org/curator/study/view/ot_116
No.254,Ninox boobook,ot_409,https://tree.opentreeoflife.org/curator/study/view/ot_409
No.255,Ninox boobook,ot_521,https://tree.opentreeoflife.org/curator/study/view/ot_521
No.256,Ninox boobook,ot_809,https://tree.opentreeoflife.org/curator/study/view/ot_809
No.257,Ninox rotiensis,Search Manually for Tree,https://tree.opentreeoflife.org/curator/study/view/Search Manually for Tree
No.258,Ninox boobook rotiensis,ot_2019,https://tree.opentreeoflife.org/curator/study/view/ot_2019
No.259,Ninox fusca,Search Manually for Tree,https://tree.opentreeoflife.org/curator/study/view/Search Manually for Tree
No.260,Ninox boobook fusca,ot_2019,https://tree.opentreeoflife.org/curator/study/view/ot_2019
No.261,Merops nubicus,ot_214,https://tree.opentreeoflife.org/curator/study/view/ot_214
No.262,Merops nubicus,ot_2019,https://tree.opentreeoflife.org/curator/study/view/ot_2019
No.263,Merops nubicus,ot_1055,https://tree.opentreeoflife.org/curator/study/view/ot_1055
No.264,Merops nubicus,ot_2018,https://tree.opentreeoflife.org/curator/study/view/ot_2018
No.265,Merops nubicus,ot_148,https://tree.opentreeoflife.org/curator/study/view/ot_148
No.266,Merops nubicus,ot_531,https://tree.opentreeoflife.org/curator/study/view/ot_531
No.267,Merops nubicus,ot_314,https://tree.opentreeoflife.org/curator/study/view/ot_314
No.268,Merops nubicus,ot_429,https://tree.opentreeoflife.org/curator/study/view/ot_429
No.269,Merops nubicus,ot_2154,https://tree.opentreeoflife.org/curator/study/view/ot_2154
No.270,Merops nubicus,ot_409,https://tree.opentreeoflife.org/curator/study/view/ot_409
No.271,Merops nubicus,ot_521,https://tree.opentreeoflife.org/curator/study/view/ot_521
No.272,Merops nubicus,ot_809,https://tree.opentreeoflife.org/curator/study/view/ot_809
No.273,Merops nubicus,ot_784,https://tree.opentreeoflife.org/curator/study/view/ot_784
No.274,Merops nubicus nubicus,Search Manually for Tree,https://tree.opentreeoflife.org/curator/study/view/Search Manually for Tree
No.275,Merops nubicoides,Search Manually for Tree,https://tree.opentreeoflife.org/curator/study/view/Search Manually for Tree
No.276,Merops nubicus nubicoides,ot_2019,https://tree.opentreeoflife.org/curator/study/view/ot_2019
No.277,Merops nubicus nubicoides,ot_2154,https://tree.opentreeoflife.org/curator/study/view/ot_2154
No.278,Merops nubicus nubicoides,ot_409,https://tree.opentreeoflife.org/curator/study/view/ot_409
No.279,Chrysocolaptes strictus,Search Manually for Tree,https://tree.opentreeoflife.org/curator/study/view/Search Manually for Tree
No.280,Chrysocolaptes lucidus strictus,ot_2019,https://tree.opentreeoflife.org/curator/study/view/ot_2019
No.281,Chrysocolaptes lucidus strictus,ot_504,https://tree.opentreeoflife.org/curator/study/view/ot_504
No.282,Chrysocolaptes haematribon,Search Manually for Tree,https://tree.opentreeoflife.org/curator/study/view/Search Manually for Tree
No.283,Chrysocolaptes lucidus haematribon,ot_2019,https://tree.opentreeoflife.org/curator/study/view/ot_2019
No.284,Chrysocolaptes lucidus haematribon,ot_504,https://tree.opentreeoflife.org/curator/study/view/ot_504
No.285,Chrysocolaptes lucidus haematribon,ot_2017,https://tree.opentreeoflife.org/curator/study/view/ot_2017
No.286,Chrysocolaptes xanthocephalus,Search Manually for Tree,https://tree.opentreeoflife.org/curator/study/view/Search Manually for Tree
No.287,Chrysocolaptes lucidus xanthocephalus,ot_2019,https://tree.opentreeoflife.org/curator/study/view/ot_2019
No.288,Chrysocolaptes lucidus xanthocephalus,ot_504,https://tree.opentreeoflife.org/curator/study/view/ot_504
No.289,Chrysocolaptes lucidus,pg_1766,https://tree.opentreeoflife.org/curator/study/view/pg_1766
No.290,Chrysocolaptes lucidus,ot_2019,https://tree.opentreeoflife.org/curator/study/view/ot_2019
No.291,Chrysocolaptes lucidus,ot_504,https://tree.opentreeoflife.org/curator/study/view/ot_504
No.292,Chrysocolaptes lucidus,ot_2017,https://tree.opentreeoflife.org/curator/study/view/ot_2017
No.293,Chrysocolaptes lucidus,ot_794,https://tree.opentreeoflife.org/curator/study/view/ot_794
No.294,Chrysocolaptes lucidus,ot_429,https://tree.opentreeoflife.org/curator/study/view/ot_429
No.295,Chrysocolaptes lucidus,pg_438,https://tree.opentreeoflife.org/curator/study/view/pg_438
No.296,Chrysocolaptes lucidus,ot_409,https://tree.opentreeoflife.org/curator/study/view/ot_409
No.297,Chrysocolaptes lucidus,ot_521,https://tree.opentreeoflife.org/curator/study/view/ot_521
No.298,Chrysocolaptes lucidus,ot_809,https://tree.opentreeoflife.org/curator/study/view/ot_809
No.299,Chrysocolaptes lucidus,ot_159,https://tree.opentreeoflife.org/curator/study/view/ot_159
No.300,Chrysocolaptes lucidus,pg_2913,https://tree.opentreeoflife.org/curator/study/view/pg_2913
No.301,Chrysocolaptes lucidus lucidus,Search Manually for Tree,https://tree.opentreeoflife.org/curator/study/view/Search Manually for Tree
No.302,Saudareos meyeri,Search Manually for Tree,https://tree.opentreeoflife.org/curator/study/view/Search Manually for Tree
No.303,Trichoglossus flavoviridis meyeri,ot_2019,https://tree.opentreeoflife.org/curator/study/view/ot_2019
No.304,Saudareos flavoviridis,Search Manually for Tree,https://tree.opentreeoflife.org/curator/study/view/Search Manually for Tree
No.305,Trichoglossus flavoviridis flavoviridis,ot_2019,https://tree.opentreeoflife.org/curator/study/view/ot_2019
No.306,Poicephalus fuscicollis,Search Manually for Tree,https://tree.opentreeoflife.org/curator/study/view/Search Manually for Tree
No.307,Poicephalus robustus fuscicollis,ot_2019,https://tree.opentreeoflife.org/curator/study/view/ot_2019
No.308,Poicephalus robustus fuscicollis,ot_2145,https://tree.opentreeoflife.org/curator/study/view/ot_2145
No.309,Poicephalus robustus,ot_2019,https://tree.opentreeoflife.org/curator/study/view/ot_2019
No.310,Poicephalus robustus,ot_821,https://tree.opentreeoflife.org/curator/study/view/ot_821
No.311,Poicephalus robustus,ot_1968,https://tree.opentreeoflife.org/curator/study/view/ot_1968
No.312,Poicephalus robustus,ot_2145,https://tree.opentreeoflife.org/curator/study/view/ot_2145
No.313,Poicephalus robustus,pg_2806,https://tree.opentreeoflife.org/curator/study/view/pg_2806
No.314,Poicephalus robustus,pg_2805,https://tree.opentreeoflife.org/curator/study/view/pg_2805
No.315,Poicephalus robustus,pg_438,https://tree.opentreeoflife.org/curator/study/view/pg_438
No.316,Poicephalus robustus,ot_409,https://tree.opentreeoflife.org/curator/study/view/ot_409
No.317,Poicephalus robustus,ot_521,https://tree.opentreeoflife.org/curator/study/view/ot_521
No.318,Poicephalus robustus,ot_809,https://tree.opentreeoflife.org/curator/study/view/ot_809
No.319,Poicephalus robustus,ot_427,https://tree.opentreeoflife.org/curator/study/view/ot_427
No.320,Forpus spengeli,Search Manually for Tree,https://tree.opentreeoflife.org/curator/study/view/Search Manually for Tree
No.321,Forpus xanthopterygius spengeli,ot_2019,https://tree.opentreeoflife.org/curator/study/view/ot_2019
No.322,Forpus xanthopterygius spengeli,ot_2145,https://tree.opentreeoflife.org/curator/study/view/ot_2145
No.323,Forpus xanthopterygius,ot_2019,https://tree.opentreeoflife.org/curator/study/view/ot_2019
No.324,Forpus xanthopterygius,ot_821,https://tree.opentreeoflife.org/curator/study/view/ot_821
No.325,Forpus xanthopterygius,ot_1968,https://tree.opentreeoflife.org/curator/study/view/ot_1968
No.326,Forpus xanthopterygius,ot_2145,https://tree.opentreeoflife.org/curator/study/view/ot_2145
No.327,Forpus xanthopterygius,ot_921,https://tree.opentreeoflife.org/curator/study/view/ot_921
No.328,Forpus xanthopterygius,ot_165,https://tree.opentreeoflife.org/curator/study/view/ot_165
No.329,Forpus xanthopterygius,ot_429,https://tree.opentreeoflife.org/curator/study/view/ot_429
No.330,Forpus xanthopterygius,ot_409,https://tree.opentreeoflife.org/curator/study/view/ot_409
No.331,Forpus xanthopterygius,ot_521,https://tree.opentreeoflife.org/curator/study/view/ot_521
No.332,Forpus xanthopterygius,ot_809,https://tree.opentreeoflife.org/curator/study/view/ot_809
No.333,Forpus xanthopterygius xanthopterygius,Search Manually for Tree,https://tree.opentreeoflife.org/curator/study/view/Search Manually for Tree
No.334,Erythropitta erythrogaster,ot_1004,https://tree.opentreeoflife.org/curator/study/view/ot_1004
No.335,Erythropitta erythrogaster,ot_2019,https://tree.opentreeoflife.org/curator/study/view/ot_2019
No.336,Erythropitta erythrogaster,ot_290,https://tree.opentreeoflife.org/curator/study/view/ot_290
No.337,Erythropitta erythrogaster,ot_831,https://tree.opentreeoflife.org/curator/study/view/ot_831
No.338,Erythropitta erythrogaster,ot_2013,https://tree.opentreeoflife.org/curator/study/view/ot_2013
No.339,Erythropitta erythrogaster,ot_2234,https://tree.opentreeoflife.org/curator/study/view/ot_2234
No.340,Erythropitta erythrogaster,ot_2015,https://tree.opentreeoflife.org/curator/study/view/ot_2015
No.341,Erythropitta erythrogaster,ot_429,https://tree.opentreeoflife.org/curator/study/view/ot_429
No.342,Erythropitta erythrogaster,ot_2079,https://tree.opentreeoflife.org/curator/study/view/ot_2079
No.343,Erythropitta erythrogaster,ot_1789,https://tree.opentreeoflife.org/curator/study/view/ot_1789
No.344,Erythropitta erythrogaster,ot_521,https://tree.opentreeoflife.org/curator/study/view/ot_521
No.345,Erythropitta erythrogaster,ot_809,https://tree.opentreeoflife.org/curator/study/view/ot_809
No.346,Erythropitta caeruleitorques,Search Manually for Tree,https://tree.opentreeoflife.org/curator/study/view/Search Manually for Tree
No.347,Erythropitta erythrogaster caeruleitorques,ot_2019,https://tree.opentreeoflife.org/curator/study/view/ot_2019
No.348,Erythropitta palliceps,Search Manually for Tree,https://tree.opentreeoflife.org/curator/study/view/Search Manually for Tree
No.349,Erythropitta erythrogaster palliceps,ot_2019,https://tree.opentreeoflife.org/curator/study/view/ot_2019
No.350,Erythropitta celebensis,Search Manually for Tree,https://tree.opentreeoflife.org/curator/study/view/Search Manually for Tree
No.351,Erythropitta erythrogaster celebensis,ot_2019,https://tree.opentreeoflife.org/curator/study/view/ot_2019
No.352,Erythropitta rufiventris,Search Manually for Tree,https://tree.opentreeoflife.org/curator/study/view/Search Manually for Tree
No.353,Erythropitta erythrogaster rufiventris,ot_2019,https://tree.opentreeoflife.org/curator/study/view/ot_2019
No.354,Erythropitta rubrinucha,Search Manually for Tree,https://tree.opentreeoflife.org/curator/study/view/Search Manually for Tree
No.355,Erythropitta erythrogaster rubrinucha,ot_2019,https://tree.opentreeoflife.org/curator/study/view/ot_2019
No.356,Erythropitta macklotii,Search Manually for Tree,https://tree.opentreeoflife.org/curator/study/view/Search Manually for Tree
No.357,Erythropitta erythrogaster macklotii,ot_2019,https://tree.opentreeoflife.org/curator/study/view/ot_2019
No.358,Erythropitta novaehibernicae,Search Manually for Tree,https://tree.opentreeoflife.org/curator/study/view/Search Manually for Tree
No.359,Erythropitta erythrogaster novaehibernicae,ot_2019,https://tree.opentreeoflife.org/curator/study/view/ot_2019
No.360,Erythropitta splendida,Search Manually for Tree,https://tree.opentreeoflife.org/curator/study/view/Search Manually for Tree
No.361,Erythropitta erythrogaster splendida,ot_2019,https://tree.opentreeoflife.org/curator/study/view/ot_2019
No.362,Erythropitta gazellae,Search Manually for Tree,https://tree.opentreeoflife.org/curator/study/view/Search Manually for Tree
No.363,Erythropitta erythrogaster gazellae,ot_2019,https://tree.opentreeoflife.org/curator/study/view/ot_2019
No.364,Erythropitta meeki,Search Manually for Tree,https://tree.opentreeoflife.org/curator/study/view/Search Manually for Tree
No.365,Erythropitta erythrogaster meeki,ot_2019,https://tree.opentreeoflife.org/curator/study/view/ot_2019
No.366,Hafferia zeledoni,Search Manually for Tree,https://tree.opentreeoflife.org/curator/study/view/Search Manually for Tree
No.367,Myrmeciza immaculata zeledoni,ot_2019,https://tree.opentreeoflife.org/curator/study/view/ot_2019
No.368,Myrmeciza immaculata zeledoni,ot_2015,https://tree.opentreeoflife.org/curator/study/view/ot_2015
No.369,Hafferia immaculata,Search Manually for Tree,https://tree.opentreeoflife.org/curator/study/view/Search Manually for Tree
No.370,Myrmeciza immaculata immaculata,Search Manually for Tree,https://tree.opentreeoflife.org/curator/study/view/Search Manually for Tree
No.371,Hylopezus macularius,ot_2019,https://tree.opentreeoflife.org/curator/study/view/ot_2019
No.372,Hylopezus macularius,ot_2197,https://tree.opentreeoflife.org/curator/study/view/ot_2197
No.373,Hylopezus macularius,ot_1424,https://tree.opentreeoflife.org/curator/study/view/ot_1424
No.374,Hylopezus macularius,ot_2015,https://tree.opentreeoflife.org/curator/study/view/ot_2015
No.375,Hylopezus macularius,ot_409,https://tree.opentreeoflife.org/curator/study/view/ot_409
No.376,Hylopezus macularius macularius,Search Manually for Tree,https://tree.opentreeoflife.org/curator/study/view/Search Manually for Tree
No.377,Hylopezus paraensis,Search Manually for Tree,https://tree.opentreeoflife.org/curator/study/view/Search Manually for Tree
No.378,Hylopezus macularius paraensis,ot_2019,https://tree.opentreeoflife.org/curator/study/view/ot_2019
No.379,Hylopezus macularius paraensis,ot_1424,https://tree.opentreeoflife.org/curator/study/view/ot_1424
No.380,Xiphorhynchus atlanticus,Search Manually for Tree,https://tree.opentreeoflife.org/curator/study/view/Search Manually for Tree
No.381,Xiphorhynchus fuscus atlanticus,ot_2019,https://tree.opentreeoflife.org/curator/study/view/ot_2019
No.382,Xiphorhynchus fuscus,ot_2019,https://tree.opentreeoflife.org/curator/study/view/ot_2019
No.383,Xiphorhynchus fuscus,pg_1766,https://tree.opentreeoflife.org/curator/study/view/pg_1766
No.384,Xiphorhynchus fuscus,ot_917,https://tree.opentreeoflife.org/curator/study/view/ot_917
No.385,Xiphorhynchus fuscus,pg_1953,https://tree.opentreeoflife.org/curator/study/view/pg_1953
No.386,Xiphorhynchus fuscus,ot_2197,https://tree.opentreeoflife.org/curator/study/view/ot_2197
No.387,Xiphorhynchus fuscus,ot_2015,https://tree.opentreeoflife.org/curator/study/view/ot_2015
No.388,Xiphorhynchus fuscus,ot_429,https://tree.opentreeoflife.org/curator/study/view/ot_429
No.389,Xiphorhynchus fuscus,pg_438,https://tree.opentreeoflife.org/curator/study/view/pg_438
No.390,Xiphorhynchus fuscus,ot_409,https://tree.opentreeoflife.org/curator/study/view/ot_409
No.391,Xiphorhynchus fuscus,ot_290,https://tree.opentreeoflife.org/curator/study/view/ot_290
No.392,Xiphorhynchus fuscus,ot_521,https://tree.opentreeoflife.org/curator/study/view/ot_521
No.393,Xiphorhynchus fuscus,ot_809,https://tree.opentreeoflife.org/curator/study/view/ot_809
No.394,Xiphorhynchus fuscus,ot_427,https://tree.opentreeoflife.org/curator/study/view/ot_427
No.395,Asthenes ayacuchensis,Search Manually for Tree,https://tree.opentreeoflife.org/curator/study/view/Search Manually for Tree
No.396,Asthenes vilcabambae ayacuchensis,ot_2019,https://tree.opentreeoflife.org/curator/study/view/ot_2019
No.397,Asthenes vilcabambae,ot_2019,https://tree.opentreeoflife.org/curator/study/view/ot_2019
No.398,Asthenes vilcabambae,pg_1953,https://tree.opentreeoflife.org/curator/study/view/pg_1953
No.399,Asthenes vilcabambae,ot_2197,https://tree.opentreeoflife.org/curator/study/view/ot_2197
No.400,Asthenes vilcabambae,ot_2015,https://tree.opentreeoflife.org/curator/study/view/ot_2015
No.401,Asthenes vilcabambae vilcabambae,Search Manually for Tree,https://tree.opentreeoflife.org/curator/study/view/Search Manually for Tree
No.402,Zimmerius vilissimus,ot_2019,https://tree.opentreeoflife.org/curator/study/view/ot_2019
No.403,Zimmerius vilissimus,ot_843,https://tree.opentreeoflife.org/curator/study/view/ot_843
No.404,Zimmerius vilissimus,ot_2015,https://tree.opentreeoflife.org/curator/study/view/ot_2015
No.405,Zimmerius vilissimus,ot_429,https://tree.opentreeoflife.org/curator/study/view/ot_429
No.406,Zimmerius vilissimus,ot_409,https://tree.opentreeoflife.org/curator/study/view/ot_409
No.407,Zimmerius vilissimus,ot_521,https://tree.opentreeoflife.org/curator/study/view/ot_521
No.408,Zimmerius vilissimus,ot_809,https://tree.opentreeoflife.org/curator/study/view/ot_809
No.409,Zimmerius vilissimus vilissimus,Search Manually for Tree,https://tree.opentreeoflife.org/curator/study/view/Search Manually for Tree
No.410,Zimmerius parvus,Search Manually for Tree,https://tree.opentreeoflife.org/curator/study/view/Search Manually for Tree
No.411,Zimmerius vilissimus parvus,ot_2019,https://tree.opentreeoflife.org/curator/study/view/ot_2019
No.412,Zimmerius improbus,ot_2019,https://tree.opentreeoflife.org/curator/study/view/ot_2019
No.413,Zimmerius improbus,ot_409,https://tree.opentreeoflife.org/curator/study/view/ot_409
No.414,Zimmerius improbus improbus,Search Manually for Tree,https://tree.opentreeoflife.org/curator/study/view/Search Manually for Tree
No.415,Zimmerius petersi,Search Manually for Tree,https://tree.opentreeoflife.org/curator/study/view/Search Manually for Tree
No.416,Zimmerius improbus petersi,ot_2019,https://tree.opentreeoflife.org/curator/study/view/ot_2019
No.417,Malurus assimilis,Search Manually for Tree,https://tree.opentreeoflife.org/curator/study/view/Search Manually for Tree
No.418,Malurus lamberti assimilis,ot_2019,https://tree.opentreeoflife.org/curator/study/view/ot_2019
No.419,Malurus lamberti,pg_1966,https://tree.opentreeoflife.org/curator/study/view/pg_1966
No.420,Malurus lamberti,ot_2019,https://tree.opentreeoflife.org/curator/study/view/ot_2019
No.421,Malurus lamberti,ot_1043,https://tree.opentreeoflife.org/curator/study/view/ot_1043
No.422,Malurus lamberti,ot_429,https://tree.opentreeoflife.org/curator/study/view/ot_429
No.423,Malurus lamberti,pg_438,https://tree.opentreeoflife.org/curator/study/view/pg_438
No.424,Malurus lamberti,ot_409,https://tree.opentreeoflife.org/curator/study/view/ot_409
No.425,Malurus lamberti,ot_521,https://tree.opentreeoflife.org/curator/study/view/ot_521
No.426,Malurus lamberti,ot_809,https://tree.opentreeoflife.org/curator/study/view/ot_809
No.427,Malurus lamberti,ot_427,https://tree.opentreeoflife.org/curator/study/view/ot_427
No.428,Microptilotis gracilis,Search Manually for Tree,https://tree.opentreeoflife.org/curator/study/view/Search Manually for Tree
No.429,Microptilotis imitatrix,Search Manually for Tree,https://tree.opentreeoflife.org/curator/study/view/Search Manually for Tree
No.430,Meliphaga gracilis imitatrix,ot_2019,https://tree.opentreeoflife.org/curator/study/view/ot_2019
No.431,Cinclosoma castaneothorax,ot_2019,https://tree.opentreeoflife.org/curator/study/view/ot_2019
No.432,Cinclosoma castaneothorax,ot_520,https://tree.opentreeoflife.org/curator/study/view/ot_520
No.433,Cinclosoma castaneothorax,ot_2158,https://tree.opentreeoflife.org/curator/study/view/ot_2158
No.434,Cinclosoma castaneothorax,ot_429,https://tree.opentreeoflife.org/curator/study/view/ot_429
No.435,Cinclosoma castaneothorax,ot_409,https://tree.opentreeoflife.org/curator/study/view/ot_409
No.436,Cinclosoma castaneothorax castaneothorax,Search Manually for Tree,https://tree.opentreeoflife.org/curator/study/view/Search Manually for Tree
No.437,Cinclosoma marginatum,Search Manually for Tree,https://tree.opentreeoflife.org/curator/study/view/Search Manually for Tree
No.438,Cinclosoma castaneothorax marginatum,ot_2019,https://tree.opentreeoflife.org/curator/study/view/ot_2019
No.439,Pteruthius flaviscapis,ot_2019,https://tree.opentreeoflife.org/curator/study/view/ot_2019
No.440,Pteruthius flaviscapis,ot_111,https://tree.opentreeoflife.org/curator/study/view/ot_111
No.441,Pteruthius flaviscapis,ot_2013,https://tree.opentreeoflife.org/curator/study/view/ot_2013
No.442,Pteruthius flaviscapis,ot_520,https://tree.opentreeoflife.org/curator/study/view/ot_520
No.443,Pteruthius flaviscapis,ot_2158,https://tree.opentreeoflife.org/curator/study/view/ot_2158
No.444,Pteruthius flaviscapis,ot_783,https://tree.opentreeoflife.org/curator/study/view/ot_783
No.445,Pteruthius flaviscapis,pg_438,https://tree.opentreeoflife.org/curator/study/view/pg_438
No.446,Pteruthius flaviscapis,ot_409,https://tree.opentreeoflife.org/curator/study/view/ot_409
No.447,Pteruthius flaviscapis,pg_2913,https://tree.opentreeoflife.org/curator/study/view/pg_2913
No.448,Pteruthius flaviscapis,ot_521,https://tree.opentreeoflife.org/curator/study/view/ot_521
No.449,Pteruthius flaviscapis,ot_809,https://tree.opentreeoflife.org/curator/study/view/ot_809
No.450,Pteruthius flaviscapis,ot_824,https://tree.opentreeoflife.org/curator/study/view/ot_824
No.451,Pteruthius flaviscapis flaviscapis,Search Manually for Tree,https://tree.opentreeoflife.org/curator/study/view/Search Manually for Tree
No.452,Pteruthius aeralatus,Search Manually for Tree,https://tree.opentreeoflife.org/curator/study/view/Search Manually for Tree
No.453,Pteruthius flaviscapis aeralatus,ot_2019,https://tree.opentreeoflife.org/curator/study/view/ot_2019
No.454,Pteruthius flaviscapis aeralatus,ot_2013,https://tree.opentreeoflife.org/curator/study/view/ot_2013
No.455,Pteruthius flaviscapis aeralatus,ot_2158,https://tree.opentreeoflife.org/curator/study/view/ot_2158
No.456,Pteruthius flaviscapis aeralatus,ot_521,https://tree.opentreeoflife.org/curator/study/view/ot_521
No.457,Pteruthius annamensis,Search Manually for Tree,https://tree.opentreeoflife.org/curator/study/view/Search Manually for Tree
No.458,Pteruthius flaviscapis annamensis,ot_2019,https://tree.opentreeoflife.org/curator/study/view/ot_2019
No.459,Pteruthius aenobarbus,ot_2019,https://tree.opentreeoflife.org/curator/study/view/ot_2019
No.460,Pteruthius aenobarbus,ot_520,https://tree.opentreeoflife.org/curator/study/view/ot_520
No.461,Pteruthius aenobarbus,ot_2158,https://tree.opentreeoflife.org/curator/study/view/ot_2158
No.462,Pteruthius aenobarbus,pg_438,https://tree.opentreeoflife.org/curator/study/view/pg_438
No.463,Pteruthius aenobarbus,ot_409,https://tree.opentreeoflife.org/curator/study/view/ot_409
No.464,Pteruthius aenobarbus,ot_521,https://tree.opentreeoflife.org/curator/study/view/ot_521
No.465,Pteruthius aenobarbus,ot_809,https://tree.opentreeoflife.org/curator/study/view/ot_809
No.466,Pteruthius aenobarbus,ot_824,https://tree.opentreeoflife.org/curator/study/view/ot_824
No.467,Pteruthius aenobarbus aenobarbus,Search Manually for Tree,https://tree.opentreeoflife.org/curator/study/view/Search Manually for Tree
No.468,Pteruthius intermedius,Search Manually for Tree,https://tree.opentreeoflife.org/curator/study/view/Search Manually for Tree
No.469,Pteruthius aenobarbus intermedius,ot_2019,https://tree.opentreeoflife.org/curator/study/view/ot_2019
No.470,Pachycephala caledonica,ot_2019,https://tree.opentreeoflife.org/curator/study/view/ot_2019
No.471,Pachycephala caledonica,ot_520,https://tree.opentreeoflife.org/curator/study/view/ot_520
No.472,Pachycephala caledonica,ot_2158,https://tree.opentreeoflife.org/curator/study/view/ot_2158
No.473,Pachycephala caledonica,ot_409,https://tree.opentreeoflife.org/curator/study/view/ot_409
No.474,Pachycephala caledonica,ot_521,https://tree.opentreeoflife.org/curator/study/view/ot_521
No.475,Pachycephala caledonica,ot_809,https://tree.opentreeoflife.org/curator/study/view/ot_809
No.476,Pachycephala vanikorensis,Search Manually for Tree,https://tree.opentreeoflife.org/curator/study/view/Search Manually for Tree
No.477,Pachycephala caledonica vanikorensis,ot_2019,https://tree.opentreeoflife.org/curator/study/view/ot_2019
No.478,Laniarius sublacteus,Search Manually for Tree,https://tree.opentreeoflife.org/curator/study/view/Search Manually for Tree
No.479,Laniarius ferrugineus sublacteus,ot_2019,https://tree.opentreeoflife.org/curator/study/view/ot_2019
No.480,Laniarius ferrugineus sublacteus,ot_520,https://tree.opentreeoflife.org/curator/study/view/ot_520
No.481,Laniarius holomelas,Search Manually for Tree,https://tree.opentreeoflife.org/curator/study/view/Search Manually for Tree
No.482,Laniarius poensis holomelas,ot_2019,https://tree.opentreeoflife.org/curator/study/view/ot_2019
No.483,Dicrurus sharpei,Search Manually for Tree,https://tree.opentreeoflife.org/curator/study/view/Search Manually for Tree
No.484,Dicrurus ludwigii sharpei,ot_2019,https://tree.opentreeoflife.org/curator/study/view/ot_2019
No.485,Dicrurus ludwigii,ot_2019,https://tree.opentreeoflife.org/curator/study/view/ot_2019
No.486,Dicrurus ludwigii,ot_520,https://tree.opentreeoflife.org/curator/study/view/ot_520
No.487,Dicrurus ludwigii,ot_2158,https://tree.opentreeoflife.org/curator/study/view/ot_2158
No.488,Dicrurus ludwigii,ot_429,https://tree.opentreeoflife.org/curator/study/view/ot_429
No.489,Dicrurus ludwigii,pg_438,https://tree.opentreeoflife.org/curator/study/view/pg_438
No.490,Dicrurus ludwigii,ot_409,https://tree.opentreeoflife.org/curator/study/view/ot_409
No.491,Dicrurus ludwigii,ot_521,https://tree.opentreeoflife.org/curator/study/view/ot_521
No.492,Dicrurus ludwigii,ot_809,https://tree.opentreeoflife.org/curator/study/view/ot_809
No.493,Dicrurus ludwigii,ot_427,https://tree.opentreeoflife.org/curator/study/view/ot_427
No.494,Dicrurus ludwigii ludwigii,Search Manually for Tree,https://tree.opentreeoflife.org/curator/study/view/Search Manually for Tree
No.495,Dicrurus adsimilis,ot_2019,https://tree.opentreeoflife.org/curator/study/view/ot_2019
No.496,Dicrurus adsimilis,ot_520,https://tree.opentreeoflife.org/curator/study/view/ot_520
No.497,Dicrurus adsimilis,ot_836,https://tree.opentreeoflife.org/curator/study/view/ot_836
No.498,Dicrurus adsimilis,ot_2158,https://tree.opentreeoflife.org/curator/study/view/ot_2158
No.499,Dicrurus adsimilis,ot_782,https://tree.opentreeoflife.org/curator/study/view/ot_782
No.500,Dicrurus adsimilis,ot_429,https://tree.opentreeoflife.org/curator/study/view/ot_429
No.501,Dicrurus adsimilis,pg_438,https://tree.opentreeoflife.org/curator/study/view/pg_438
No.502,Dicrurus adsimilis,ot_531,https://tree.opentreeoflife.org/curator/study/view/ot_531
No.503,Dicrurus adsimilis,pg_2404,https://tree.opentreeoflife.org/curator/study/view/pg_2404
No.504,Dicrurus adsimilis,ot_409,https://tree.opentreeoflife.org/curator/study/view/ot_409
No.505,Dicrurus adsimilis,ot_757,https://tree.opentreeoflife.org/curator/study/view/ot_757
No.506,Dicrurus adsimilis,ot_521,https://tree.opentreeoflife.org/curator/study/view/ot_521
No.507,Dicrurus adsimilis,ot_809,https://tree.opentreeoflife.org/curator/study/view/ot_809
No.508,Dicrurus adsimilis,ot_427,https://tree.opentreeoflife.org/curator/study/view/ot_427
No.509,Dicrurus adsimilis adsimilis,Search Manually for Tree,https://tree.opentreeoflife.org/curator/study/view/Search Manually for Tree
No.510,Dicrurus divaricatus,Search Manually for Tree,https://tree.opentreeoflife.org/curator/study/view/Search Manually for Tree
No.511,Dicrurus adsimilis divaricatus,ot_2019,https://tree.opentreeoflife.org/curator/study/view/ot_2019
No.512,Chasiempis sandwichensis,ot_2019,https://tree.opentreeoflife.org/curator/study/view/ot_2019
No.513,Chasiempis sandwichensis,ot_290,https://tree.opentreeoflife.org/curator/study/view/ot_290
No.514,Chasiempis sandwichensis,ot_520,https://tree.opentreeoflife.org/curator/study/view/ot_520
No.515,Chasiempis sandwichensis,ot_2158,https://tree.opentreeoflife.org/curator/study/view/ot_2158
No.516,Chasiempis sandwichensis,ot_409,https://tree.opentreeoflife.org/curator/study/view/ot_409
No.517,Chasiempis sandwichensis,ot_521,https://tree.opentreeoflife.org/curator/study/view/ot_521
No.518,Chasiempis sandwichensis,ot_809,https://tree.opentreeoflife.org/curator/study/view/ot_809
No.519,Chasiempis sandwichensis sandwichensis,Search Manually for Tree,https://tree.opentreeoflife.org/curator/study/view/Search Manually for Tree
No.520,Chasiempis ibidis,Search Manually for Tree,https://tree.opentreeoflife.org/curator/study/view/Search Manually for Tree
No.521,Chasiempis sandwichensis ibidis,ot_2019,https://tree.opentreeoflife.org/curator/study/view/ot_2019
No.522,Chasiempis sandwichensis ibidis,ot_2158,https://tree.opentreeoflife.org/curator/study/view/ot_2158
No.523,Pomarea fluxa,Search Manually for Tree,https://tree.opentreeoflife.org/curator/study/view/Search Manually for Tree
No.524,Pomarea iphis fluxa,ot_2019,https://tree.opentreeoflife.org/curator/study/view/ot_2019
No.525,Pomarea iphis fluxa,ot_2158,https://tree.opentreeoflife.org/curator/study/view/ot_2158
No.526,Pomarea nukuhivae,Search Manually for Tree,https://tree.opentreeoflife.org/curator/study/view/Search Manually for Tree
No.527,Pomarea mendozae nukuhivae,ot_2019,https://tree.opentreeoflife.org/curator/study/view/ot_2019
No.528,Pomarea mendozae nukuhivae,ot_2158,https://tree.opentreeoflife.org/curator/study/view/ot_2158
No.529,Pomarea iphis,ot_2019,https://tree.opentreeoflife.org/curator/study/view/ot_2019
No.530,Pomarea iphis,ot_520,https://tree.opentreeoflife.org/curator/study/view/ot_520
No.531,Pomarea iphis,ot_2158,https://tree.opentreeoflife.org/curator/study/view/ot_2158
No.532,Pomarea iphis,ot_429,https://tree.opentreeoflife.org/curator/study/view/ot_429
No.533,Pomarea iphis,pg_438,https://tree.opentreeoflife.org/curator/study/view/pg_438
No.534,Pomarea iphis,ot_409,https://tree.opentreeoflife.org/curator/study/view/ot_409
No.535,Pomarea iphis,pg_2913,https://tree.opentreeoflife.org/curator/study/view/pg_2913
No.536,Pomarea iphis,ot_290,https://tree.opentreeoflife.org/curator/study/view/ot_290
No.537,Pomarea iphis,ot_521,https://tree.opentreeoflife.org/curator/study/view/ot_521
No.538,Pomarea iphis,ot_809,https://tree.opentreeoflife.org/curator/study/view/ot_809
No.539,Pomarea mira,Search Manually for Tree,https://tree.opentreeoflife.org/curator/study/view/Search Manually for Tree
No.540,Pomarea mendozae mira,ot_2019,https://tree.opentreeoflife.org/curator/study/view/ot_2019
No.541,Pomarea mendozae mira,ot_2158,https://tree.opentreeoflife.org/curator/study/view/ot_2158
No.542,Pomarea mendozae,ot_2019,https://tree.opentreeoflife.org/curator/study/view/ot_2019
No.543,Pomarea mendozae,ot_520,https://tree.opentreeoflife.org/curator/study/view/ot_520
No.544,Pomarea mendozae,ot_2158,https://tree.opentreeoflife.org/curator/study/view/ot_2158
No.545,Pomarea mendozae,ot_409,https://tree.opentreeoflife.org/curator/study/view/ot_409
No.546,Pomarea mendozae,ot_521,https://tree.opentreeoflife.org/curator/study/view/ot_521
No.547,Pomarea mendozae,ot_809,https://tree.opentreeoflife.org/curator/study/view/ot_809
No.548,Lanius sphenocercus,ot_2019,https://tree.opentreeoflife.org/curator/study/view/ot_2019
No.549,Lanius sphenocercus,ot_520,https://tree.opentreeoflife.org/curator/study/view/ot_520
No.550,Lanius sphenocercus,ot_2158,https://tree.opentreeoflife.org/curator/study/view/ot_2158
No.551,Lanius sphenocercus,pg_438,https://tree.opentreeoflife.org/curator/study/view/pg_438
No.552,Lanius sphenocercus,ot_409,https://tree.opentreeoflife.org/curator/study/view/ot_409
No.553,Lanius sphenocercus,ot_521,https://tree.opentreeoflife.org/curator/study/view/ot_521
No.554,Lanius sphenocercus,ot_809,https://tree.opentreeoflife.org/curator/study/view/ot_809
No.555,Lanius giganteus,Search Manually for Tree,https://tree.opentreeoflife.org/curator/study/view/Search Manually for Tree
No.556,Lanius sphenocercus giganteus,ot_2019,https://tree.opentreeoflife.org/curator/study/view/ot_2019
No.557,Pica mauritanica,Search Manually for Tree,https://tree.opentreeoflife.org/curator/study/view/Search Manually for Tree
No.558,Pica pica mauritanica,ot_2019,https://tree.opentreeoflife.org/curator/study/view/ot_2019
No.559,Pica serica,Search Manually for Tree,https://tree.opentreeoflife.org/curator/study/view/Search Manually for Tree
No.560,Pica pica sericea,ot_2019,https://tree.opentreeoflife.org/curator/study/view/ot_2019
No.561,Pica pica,ot_2008,https://tree.opentreeoflife.org/curator/study/view/ot_2008
No.562,Pica pica,pg_2419,https://tree.opentreeoflife.org/curator/study/view/pg_2419
No.563,Pica pica,ot_520,https://tree.opentreeoflife.org/curator/study/view/ot_520
No.564,Pica pica,ot_412,https://tree.opentreeoflife.org/curator/study/view/ot_412
No.565,Pica pica,ot_2158,https://tree.opentreeoflife.org/curator/study/view/ot_2158
No.566,Pica pica,ot_409,https://tree.opentreeoflife.org/curator/study/view/ot_409
No.567,Pica pica,pg_2913,https://tree.opentreeoflife.org/curator/study/view/pg_2913
No.568,Pica pica,ot_290,https://tree.opentreeoflife.org/curator/study/view/ot_290
No.569,Pica pica,ot_2025,https://tree.opentreeoflife.org/curator/study/view/ot_2025
No.570,Pica pica,ot_521,https://tree.opentreeoflife.org/curator/study/view/ot_521
No.571,Pica pica,ot_2019,https://tree.opentreeoflife.org/curator/study/view/ot_2019
No.572,Pica pica,ot_841,https://tree.opentreeoflife.org/curator/study/view/ot_841
No.573,Pica pica,ot_532,https://tree.opentreeoflife.org/curator/study/view/ot_532
No.574,Pica pica,ot_429,https://tree.opentreeoflife.org/curator/study/view/ot_429
No.575,Pica pica,ot_1789,https://tree.opentreeoflife.org/curator/study/view/ot_1789
No.576,Pica pica,pg_2015,https://tree.opentreeoflife.org/curator/study/view/pg_2015
No.577,Pica pica,pg_438,https://tree.opentreeoflife.org/curator/study/view/pg_438
No.578,Pica pica,ot_842,https://tree.opentreeoflife.org/curator/study/view/ot_842
No.579,Pica pica,ot_863,https://tree.opentreeoflife.org/curator/study/view/ot_863
No.580,Pica pica,ot_809,https://tree.opentreeoflife.org/curator/study/view/ot_809
No.581,Pica pica,ot_427,https://tree.opentreeoflife.org/curator/study/view/ot_427
No.582,Pica pica,ot_1195,https://tree.opentreeoflife.org/curator/study/view/ot_1195
No.583,Calandrella blanfordi,ot_2125,https://tree.opentreeoflife.org/curator/study/view/ot_2125
No.584,Calandrella blanfordi,ot_2019,https://tree.opentreeoflife.org/curator/study/view/ot_2019
No.585,Calandrella blanfordi,ot_2230,https://tree.opentreeoflife.org/curator/study/view/ot_2230
No.586,Calandrella eremica,Search Manually for Tree,https://tree.opentreeoflife.org/curator/study/view/Search Manually for Tree
No.587,Calandrella blanfordi eremica,ot_2019,https://tree.opentreeoflife.org/curator/study/view/ot_2019
No.588,Calandrella brachydactyla,ot_500,https://tree.opentreeoflife.org/curator/study/view/ot_500
No.589,Calandrella brachydactyla,ot_409,https://tree.opentreeoflife.org/curator/study/view/ot_409
No.590,Calandrella brachydactyla,ot_2008,https://tree.opentreeoflife.org/curator/study/view/ot_2008
No.591,Calandrella brachydactyla,ot_2230,https://tree.opentreeoflife.org/curator/study/view/ot_2230
No.592,Calandrella brachydactyla,pg_2599,https://tree.opentreeoflife.org/curator/study/view/pg_2599
No.593,Calandrella brachydactyla,ot_2019,https://tree.opentreeoflife.org/curator/study/view/ot_2019
No.594,Calandrella brachydactyla,ot_521,https://tree.opentreeoflife.org/curator/study/view/ot_521
No.595,Calandrella brachydactyla,ot_2018,https://tree.opentreeoflife.org/curator/study/view/ot_2018
No.596,Calandrella brachydactyla,ot_809,https://tree.opentreeoflife.org/curator/study/view/ot_809
No.597,Calandrella brachydactyla,ot_2125,https://tree.opentreeoflife.org/curator/study/view/ot_2125
No.598,Calandrella brachydactyla,pg_2419,https://tree.opentreeoflife.org/curator/study/view/pg_2419
No.599,Calandrella dukhunensis,Search Manually for Tree,https://tree.opentreeoflife.org/curator/study/view/Search Manually for Tree
No.600,Calandrella brachydactyla dukhunensis,ot_2125,https://tree.opentreeoflife.org/curator/study/view/ot_2125
No.601,Calandrella brachydactyla dukhunensis,ot_2019,https://tree.opentreeoflife.org/curator/study/view/ot_2019
No.602,Eremalauda dunni,ot_2125,https://tree.opentreeoflife.org/curator/study/view/ot_2125
No.603,Eremalauda dunni,ot_2019,https://tree.opentreeoflife.org/curator/study/view/ot_2019
No.604,Eremalauda dunni,ot_409,https://tree.opentreeoflife.org/curator/study/view/ot_409
No.605,Eremalauda dunni,ot_2230,https://tree.opentreeoflife.org/curator/study/view/ot_2230
No.606,Eremalauda dunni,pg_2599,https://tree.opentreeoflife.org/curator/study/view/pg_2599
No.607,Eremalauda dunni,ot_521,https://tree.opentreeoflife.org/curator/study/view/ot_521
No.608,Eremalauda dunni,ot_809,https://tree.opentreeoflife.org/curator/study/view/ot_809
No.609,Eremalauda dunni dunni,Search Manually for Tree,https://tree.opentreeoflife.org/curator/study/view/Search Manually for Tree
No.610,Eremalauda eremodites,Search Manually for Tree,https://tree.opentreeoflife.org/curator/study/view/Search Manually for Tree
No.611,Eremalauda dunni eremodites,ot_2019,https://tree.opentreeoflife.org/curator/study/view/ot_2019
No.612,Prinia crinigera,ot_2019,https://tree.opentreeoflife.org/curator/study/view/ot_2019
No.613,Prinia crinigera,pg_438,https://tree.opentreeoflife.org/curator/study/view/pg_438
No.614,Prinia crinigera,ot_2192,https://tree.opentreeoflife.org/curator/study/view/ot_2192
No.615,Prinia crinigera,ot_409,https://tree.opentreeoflife.org/curator/study/view/ot_409
No.616,Prinia crinigera,pg_2913,https://tree.opentreeoflife.org/curator/study/view/pg_2913
No.617,Prinia crinigera,ot_521,https://tree.opentreeoflife.org/curator/study/view/ot_521
No.618,Prinia crinigera,ot_809,https://tree.opentreeoflife.org/curator/study/view/ot_809
No.619,Prinia striata,Search Manually for Tree,https://tree.opentreeoflife.org/curator/study/view/Search Manually for Tree
No.620,Prinia crinigera striata,ot_2019,https://tree.opentreeoflife.org/curator/study/view/ot_2019
No.621,Prinia crinigera striata,ot_2192,https://tree.opentreeoflife.org/curator/study/view/ot_2192
No.622,Prinia cooki,Search Manually for Tree,https://tree.opentreeoflife.org/curator/study/view/Search Manually for Tree
No.623,Prinia polychroa cooki,ot_2019,https://tree.opentreeoflife.org/curator/study/view/ot_2019
No.624,Prinia polychroa cooki,ot_2192,https://tree.opentreeoflife.org/curator/study/view/ot_2192
No.625,Prinia rocki,Search Manually for Tree,https://tree.opentreeoflife.org/curator/study/view/Search Manually for Tree
No.626,Prinia polychroa rocki,ot_2019,https://tree.opentreeoflife.org/curator/study/view/ot_2019
No.627,Prinia polychroa rocki,ot_2192,https://tree.opentreeoflife.org/curator/study/view/ot_2192
No.628,Prinia polychroa,ot_2019,https://tree.opentreeoflife.org/curator/study/view/ot_2019
No.629,Prinia polychroa,ot_2192,https://tree.opentreeoflife.org/curator/study/view/ot_2192
No.630,Prinia polychroa,ot_409,https://tree.opentreeoflife.org/curator/study/view/ot_409
No.631,Acrocephalus luscinius,ot_2019,https://tree.opentreeoflife.org/curator/study/view/ot_2019
No.632,Acrocephalus luscinius,ot_409,https://tree.opentreeoflife.org/curator/study/view/ot_409
No.633,Acrocephalus nijoi,Search Manually for Tree,https://tree.opentreeoflife.org/curator/study/view/Search Manually for Tree
No.634,Acrocephalus luscinius nijoi,ot_2019,https://tree.opentreeoflife.org/curator/study/view/ot_2019
No.635,Acrocephalus astrolabii,Search Manually for Tree,https://tree.opentreeoflife.org/curator/study/view/Search Manually for Tree
No.636,Acrocephalus luscinius astrolabii,ot_2019,https://tree.opentreeoflife.org/curator/study/view/ot_2019
No.637,Zosterops flavilateralis,Search Manually for Tree,https://tree.opentreeoflife.org/curator/study/view/Search Manually for Tree
No.638,Zosterops abyssinicus flavilateralis,ot_2019,https://tree.opentreeoflife.org/curator/study/view/ot_2019
No.639,Zosterops mbuluensis,Search Manually for Tree,https://tree.opentreeoflife.org/curator/study/view/Search Manually for Tree
No.640,Zosterops poliogastrus mbuluensis,ot_2019,https://tree.opentreeoflife.org/curator/study/view/ot_2019
No.641,Zosterops abyssinicus,ot_2019,https://tree.opentreeoflife.org/curator/study/view/ot_2019
No.642,Zosterops abyssinicus,ot_2179,https://tree.opentreeoflife.org/curator/study/view/ot_2179
No.643,Zosterops abyssinicus,pg_438,https://tree.opentreeoflife.org/curator/study/view/pg_438
No.644,Zosterops abyssinicus,ot_409,https://tree.opentreeoflife.org/curator/study/view/ot_409
No.645,Zosterops abyssinicus,ot_521,https://tree.opentreeoflife.org/curator/study/view/ot_521
No.646,Zosterops abyssinicus,ot_809,https://tree.opentreeoflife.org/curator/study/view/ot_809
No.647,Zosterops abyssinicus abyssinicus,Search Manually for Tree,https://tree.opentreeoflife.org/curator/study/view/Search Manually for Tree
